{"mean_iou_bbox": 0.5853727955658102, "mean_iou_mask": 0.5502390134618345, "mean_dist": 21.558809678524817}