{"mean_iou_bbox": 0.4494202557251303, "mean_iou_mask": 0.35791141833499657, "mean_dist": 12.697422039021758}