{"mean_iou_bbox": 0.6105092570222659, "mean_iou_mask": 0.5733959367393591, "mean_dist": 18.1426397056562}