{"mean_iou_bbox": 0.5677567946839729, "mean_iou_mask": 0.47976342879253936, "mean_dist": 7.033787753953519}