{"mean_iou_bbox": 0.49311485927529863, "mean_iou_mask": 0.46058701456620565, "mean_dist": 34.29810934599562}