{"mean_iou_bbox": 0.46442040318240835, "mean_iou_mask": 0.4368558474635666, "mean_dist": 40.29286543394605}